-- phpMyAdmin SQL Dump
-- version 4.0.10.14
-- http://www.phpmyadmin.net
--
-- Servidor: localhost:3306
-- Tiempo de generación: 02-06-2016 a las 15:01:17
-- Versión del servidor: 5.5.49-cll
-- Versión de PHP: 5.4.31

SET SQL_MODE = "NO_AUTO_VALUE_ON_ZERO";
SET time_zone = "+00:00";


/*!40101 SET @OLD_CHARACTER_SET_CLIENT=@@CHARACTER_SET_CLIENT */;
/*!40101 SET @OLD_CHARACTER_SET_RESULTS=@@CHARACTER_SET_RESULTS */;
/*!40101 SET @OLD_COLLATION_CONNECTION=@@COLLATION_CONNECTION */;
/*!40101 SET NAMES utf8 */;

--
-- Base de datos: `wspcolom_votacion`
--

-- --------------------------------------------------------

--
-- Estructura de tabla para la tabla `candidatos`
--

CREATE TABLE IF NOT EXISTS `candidatos` (
  `idCandidato` int(11) NOT NULL AUTO_INCREMENT,
  `Nombre` varchar(80) NOT NULL,
  `Area` varchar(45) DEFAULT NULL,
  `Cargo` varchar(45) DEFAULT NULL,
  `Frase` varchar(255) DEFAULT NULL,
  PRIMARY KEY (`idCandidato`)
) ENGINE=InnoDB  DEFAULT CHARSET=utf8 AUTO_INCREMENT=11 ;

--
-- Volcado de datos para la tabla `candidatos`
--

INSERT INTO `candidatos` (`idCandidato`, `Nombre`, `Area`, `Cargo`, `Frase`) VALUES
(1, 'Yuly Andrea Sánchez Londoño', 'Ambiental', NULL, 'Juntos, todos podemos'),
(2, 'Genderson Hernando Novoa Suarez', 'Transporte', NULL, 'Actuar de forma segura en todas las actividades debe constituirse en hábito'),
(3, 'Hector Julio Valbuena Mojica ', 'Transporte', NULL, 'La seguridad no es un lema, en una forma de vida'),
(7, 'Ángela Marcela Quintana Mogollón', 'Financiera', NULL, 'La seguridad es responsabilidad de todos'),
(9, 'Duglas Guillermo Diaz Revelo', 'Administración', NULL, 'El compromiso, está en tu bienestar y tu salud'),
(10, 'Wilmer Andrés Ibagon Franco', 'Infraestructura municipal', NULL, 'La seguridad y salud en el trabajo es tarea de todos');

-- --------------------------------------------------------

--
-- Estructura de tabla para la tabla `sesion`
--

CREATE TABLE IF NOT EXISTS `sesion` (
  `Cedula` varchar(45) NOT NULL,
  `fecha` timestamp NOT NULL DEFAULT CURRENT_TIMESTAMP,
  PRIMARY KEY (`Cedula`)
) ENGINE=InnoDB DEFAULT CHARSET=utf8;

--
-- Volcado de datos para la tabla `sesion`
--

INSERT INTO `sesion` (`Cedula`, `fecha`) VALUES
('1010175612', '2015-11-12 21:51:48'),
('1012365442', '2015-11-18 20:11:50'),
('1018432784', '2015-11-09 22:49:43'),
('1018443471', '2015-11-12 21:47:30'),
('1019054945', '2015-11-13 21:00:47'),
('1019054948', '2015-11-12 21:44:22'),
('1022333214', '2015-11-13 14:43:39'),
('1022357498', '2015-11-19 17:08:38'),
('1023883744', '2015-11-13 20:13:48'),
('1023929699', '2015-11-11 22:17:58'),
('1026581817', '2015-11-13 20:12:51'),
('1030551357', '2015-11-12 21:55:32'),
('1053609519', '2015-11-19 18:20:29'),
('1069177653', '2015-11-12 21:39:28'),
('1070585373', '2015-11-13 19:40:30'),
('1092335566', '2015-11-19 21:50:55'),
('1094163615', '2015-11-19 21:51:43'),
('1101596232', '2015-11-19 19:55:03'),
('1101596313', '2015-11-13 20:29:59'),
('1101596942', '2015-11-19 19:54:15'),
('1101597522', '2015-11-13 20:08:25'),
('1101597559', '2015-11-13 20:10:28'),
('1101598088', '2015-11-19 22:47:19'),
('13791120', '2015-11-19 21:18:34'),
('13791247', '2015-11-23 16:56:25'),
('13930752', '2015-11-13 20:26:42'),
('16076354', '2015-11-12 21:40:24'),
('17144241', '2015-11-19 17:26:51'),
('19255351', '2015-11-13 20:31:59'),
('22425538', '2015-11-19 20:04:04'),
('26230944', '2015-11-16 16:19:52'),
('32743734', '2015-11-12 21:46:37'),
('35427688', '2015-11-12 21:41:54'),
('35463070', '2015-11-19 18:21:48'),
('37899231', '2015-11-19 18:20:10'),
('39768575', '2015-11-13 18:10:10'),
('41760330', '2015-11-13 16:09:21'),
('46672442', '2015-11-11 22:28:50'),
('494922', '2015-11-13 19:39:13'),
('51609017', '2015-11-13 14:26:45'),
('51627047', '2015-11-13 17:07:29'),
('51645131', '2015-11-13 14:25:21'),
('52083064', '2015-11-19 18:25:05'),
('52452069', '2015-11-12 21:59:30'),
('52813930', '2015-11-13 13:34:12'),
('52913505', '2015-11-13 17:47:02'),
('52952231', '2015-11-13 15:52:06'),
('52952601', '2015-11-12 21:47:14'),
('52955094', '2015-11-12 21:51:28'),
('52963452', '2015-11-12 21:10:34'),
('53049364', '2015-11-13 16:16:47'),
('53069566', '2015-11-13 13:26:55'),
('53072343', '2015-11-13 14:20:06'),
('5736042', '2015-11-13 20:33:49'),
('60446606', '2015-11-12 22:42:48'),
('63549845', '2015-11-13 14:20:43'),
('7213025', '2015-11-13 20:13:56'),
('79155445', '2015-11-19 20:27:33'),
('79329694', '2015-11-13 20:15:19'),
('79374844', '2015-11-13 20:29:22'),
('79492287', '2015-11-19 21:17:11'),
('79601356', '2015-11-13 20:13:16'),
('79746865', '2015-11-12 21:53:28'),
('79834899', '2015-11-13 19:09:01'),
('80025940', '2015-11-12 22:21:12'),
('80141025', '2015-11-12 21:50:04'),
('80394028', '2015-11-19 17:34:26'),
('80500995', '2015-11-13 14:21:39'),
('80814245', '2015-11-19 21:49:39'),
('80852914', '2015-11-19 16:36:26'),
('85203833', '2015-11-13 20:28:30'),
('91079426', '2015-11-13 20:16:36'),
('91133661', '2015-11-19 17:33:44'),
('91459269', '2015-11-13 20:25:56'),
('91459294', '2015-11-19 19:52:58'),
('93361162', '2015-11-13 19:59:11');

-- --------------------------------------------------------

--
-- Estructura de tabla para la tabla `usuarios`
--

CREATE TABLE IF NOT EXISTS `usuarios` (
  `Cedula` varchar(45) NOT NULL,
  `Nombre` varchar(80) NOT NULL,
  PRIMARY KEY (`Cedula`),
  UNIQUE KEY `Cedula_UNIQUE` (`Cedula`)
) ENGINE=InnoDB DEFAULT CHARSET=utf8;

--
-- Volcado de datos para la tabla `usuarios`
--

INSERT INTO `usuarios` (`Cedula`, `Nombre`) VALUES
('1010175612', 'RAMOS MURILLO ERIKA'),
('1012365442', 'PAEZ VARGAS CRISTIAM ANDRES'),
('1012384179', 'HERNANDEZ MARIN DUVAN CAMILO'),
('10162536', 'CUARTAS MEDINA RODRIGO'),
('1018432784', 'admin'),
('1018443471', 'CASALLAS MORA DIEGO ANDRES'),
('1019054945', 'QUINTANA MOGOLLON EDWIN FERNANDO'),
('1019054948', 'QUINTANA MOGOLLON ANGELA MARCELA'),
('1022333214', 'FRESNEDA BERNAL VLADIMIR'),
('1022357498', 'HERNANDEZ CORREDOR WILLIAM CAMILO'),
('1023883744', 'TALAGA JIMENEZ CRISTIAN ANDRES'),
('1023920701', 'SOLER CORTES NICOLAY STIVEN'),
('1023925544', 'MOJICA CARRENO LUIS ORLANDO'),
('1023929699', 'OSPINA MELO KERLY STHEFAN'),
('1023949354', 'PALACIOS URUENA CRISTIAN DANIEL'),
('1024562990', 'LATORRE REVELO CARLOS DAVID'),
('1026581817', 'SALAZAR LADINO NICOLAS ENRIQUE'),
('1030551357', 'IBAGON FRANCO WILMER ANDRES'),
('1053609519', 'PINTO BECERRA MARIA CAMILA'),
('1069177653', 'NOMEZQUE CANO NELLY YANETH'),
('1070585373', 'MURILLO CRUZ SERGIO CAMILO'),
('1092335566', 'MAYORGA MOLINA MIGUEL ANDRES'),
('1094163615', 'ESPINOSA ESCARMILLA YEIDER GABRIEL'),
('1101596232', 'DELGADO ERWYM JESUS'),
('1101596313', 'BAUTISTA RINCON MARIO JESUS'),
('1101596942', 'JEREZ FLOREZ FABIAN MAURICIO'),
('1101597522', 'OSORIO OJEDA CLAUDIA PAOLA'),
('1101597559', 'ARCHILA RUIZ YOANA MILENA'),
('1101598088', 'DELGADO DELGADO JADER JAVIER'),
('1121848602', 'VILLALOBOS MARTINEZ JHON HARRISON'),
('12227300', 'QUINTERO CUELLAR LUIS EDUARDO'),
('13790410', 'MARIN VARGAS REINEL'),
('13791120', 'MARIN VARGAS RAMIRO ALONSO'),
('13791247', 'VIRGUEZ VARGAS ALVARO HELI'),
('13930752', 'CACERES MELENDEZ EDGARDO ROMAN'),
('16076354', 'PINILLA ESTUPINAN DIEGO SIMON'),
('17144241', 'MONTENEGRO ORJUELA HERMAN'),
('19062094', 'BUSTOS PORRAS GUSTAVO'),
('19255351', 'RIVERA MARTINEZ SAUL'),
('19458788', 'RIVERA VILLAMIZAR RAMIRO ORLANDO'),
('22425538', 'DUVA SANCHEZ YADIRA'),
('26230944', 'SALAZAR MEJIA YOLIMA'),
('281545', 'BOTIVA CONTRERAS SERGIO TULIO'),
('2868298', 'ALCAZAR ROJAS TARSICIO EDUARDO'),
('32743734', 'ORTEGON MENDEZ YASMIN MARGARITA'),
('35427688', 'SANCHEZ LONDONO YULY ANDREA'),
('35463070', 'CANDELA PAEZ MARTHA CECILIA'),
('37899231', 'RIVERA VELASQUEZ SANDRA CAROLINA'),
('39768575', 'MARTINEZ GARZON LUISA STELLA'),
('41760330', 'BUITRAGO BERNAL CONSTANZA'),
('4606469', 'SANCLEMENTE PAZ MAURICIO'),
('46672442', 'TUTA BECERRA ELVIRA'),
('494922', 'MAURICIO SALDANA ROBINSON'),
('51609017', 'LOPEZ BRICENO GLORIA LUCIA'),
('51627047', 'FONSECA TORRES PRUDENCIA'),
('51645131', 'BERNAL LOPEZ ELIZABETH'),
('52083064', 'OTALORA CELY EVA PATRICIA'),
('52206996', 'RODRIGUEZ MORALES MONICA'),
('52452069', 'RINCON LA ROTTA NOHRA ADRIANA'),
('52813930', 'RODRIGUEZ PINZON ANDREA CAROLINA'),
('52913505', 'ROJAS HUERTAS JENNY CONSTANZA'),
('52952231', 'OSORIO LANCHEROS DIANA ANDREA'),
('52952601', 'PEDROZA LARROTTA NURI CLEMENCIA'),
('52955094', 'SOSA PAEZ YIDY SAMANTA'),
('52963452', 'PARADA SANCHEZ MARY SHIRLEY'),
('53049364', 'VARGAS MORENO LAURA'),
('53069566', 'BECERRA ALONSO JUANA PAOLA'),
('53072343', 'RODRIGUEZ ARIAS LUZ AYDA'),
('53130913', 'BELTRAN DIAZ DIANA CAROLINA'),
('5736042', 'SIERRA OSORIO LUIS BELTRAN'),
('60446606', 'MOROS VIVAS ANA MARIA'),
('63549845', 'NAVARRO SANTANA ERIKA SELENE'),
('7213025', 'OLARTE PATINO YESID'),
('74243839', 'RODRIGUEZ CRUZ ELKIN JAVIER'),
('75086954', 'HENAO PINEDA WILLIAM'),
('79138626', 'RODRIGUEZ MORA OSCAR'),
('79155445', 'CASTRO CORTES RAFAEL ALFREDO'),
('79272099', 'PATINO FRANCO JAIME'),
('79329694', 'PARADA ARENAS BERNARDO'),
('79374844', 'PACHECO SANDOVAL JOSE DIMAS'),
('79492287', 'PALACIOS SALAMANCA JOSE DANIEL'),
('79568013', 'CASTRO CORTES GERMAN MAURICIO'),
('79601356', 'HERNANDEZ LEYVA JAVIER FERNANDO'),
('79746865', 'NOVOA SUAREZ GENDERSON HERNANDO'),
('79834899', 'QUEVEDO RODRIGUEZ JUAN PABLO'),
('80025940', 'ESGUERRA PORTILLA GABRIEL ARTURO'),
('80121809', 'RODRIGUEZ CEPEDA FABIO'),
('80141025', 'DIAZ REVELO DUGLAS GUILLERMO'),
('80394028', 'MURCIA UMBARILA JOSE EUSEBIO'),
('80500995', 'RODRIGUEZ MORENO MIGUEL ANDREY'),
('80814245', 'MARIN RODRIGUEZ EDWIN JOVANY'),
('80852914', 'VALBUENA MOJICA HECTOR JULIO'),
('85203833', 'NOVOA ALVAREZ ABAD DE JESUS'),
('91079426', 'CHAVES SILVA JULIAN ALFONSO'),
('91133661', 'MORALES HERNANDEZ ARMANDO'),
('91428058', 'CHACON MEJIA JAVIER'),
('91459269', 'ORDUZ PENA FREDY HUMBERTO'),
('91459294', 'NAVARRO FLOREZ JAIME ALEXANDER'),
('93361162', 'VALLEJO PARRA NEHEMIAS'),
('9731029', 'CAMACHO GOMEZ CARLOS ANDRES');

-- --------------------------------------------------------

--
-- Estructura Stand-in para la vista `votaciones`
--
CREATE TABLE IF NOT EXISTS `votaciones` (
`idCandidato` int(11)
,`Nombre` varchar(80)
,`votos` bigint(21)
);
-- --------------------------------------------------------

--
-- Estructura de tabla para la tabla `votos`
--

CREATE TABLE IF NOT EXISTS `votos` (
  `idCandidato` int(11) NOT NULL,
  `Cedula` varchar(45) NOT NULL,
  `fecha` timestamp NOT NULL DEFAULT CURRENT_TIMESTAMP,
  PRIMARY KEY (`Cedula`),
  KEY `fk_votos_Candidatos1_idx` (`idCandidato`)
) ENGINE=InnoDB DEFAULT CHARSET=utf8;

--
-- Volcado de datos para la tabla `votos`
--

INSERT INTO `votos` (`idCandidato`, `Cedula`, `fecha`) VALUES
(2, '1010175612', '2015-11-13 16:15:53'),
(7, '1012365442', '2015-11-19 21:16:39'),
(7, '1018443471', '2015-11-13 19:45:05'),
(7, '1019054945', '2015-11-13 21:00:58'),
(2, '1019054948', '2015-11-13 20:23:10'),
(1, '1022333214', '2015-11-13 19:39:58'),
(1, '1022357498', '2015-11-19 17:09:37'),
(2, '1023883744', '2015-11-13 20:15:35'),
(10, '1023929699', '2015-11-13 19:00:02'),
(10, '1026581817', '2015-11-13 20:13:32'),
(3, '1030551357', '2015-11-13 15:06:25'),
(9, '1069177653', '2015-11-19 20:34:19'),
(9, '1070585373', '2015-11-13 19:40:38'),
(10, '1092335566', '2015-11-19 21:51:01'),
(2, '1094163615', '2015-11-19 21:51:46'),
(7, '1101596232', '2015-11-19 22:46:54'),
(7, '1101596313', '2015-11-13 20:31:04'),
(7, '1101596942', '2015-11-19 19:54:21'),
(10, '1101597522', '2015-11-13 20:09:27'),
(10, '1101597559', '2015-11-13 20:11:33'),
(7, '1101598088', '2015-11-19 22:47:31'),
(7, '13791120', '2015-11-19 21:19:19'),
(7, '13930752', '2015-11-13 20:28:06'),
(2, '16076354', '2015-11-13 20:55:05'),
(10, '17144241', '2015-11-19 17:27:10'),
(10, '19255351', '2015-11-13 20:33:58'),
(3, '22425538', '2015-11-19 20:04:36'),
(2, '26230944', '2015-11-19 20:10:19'),
(10, '32743734', '2015-11-13 19:44:13'),
(1, '35427688', '2015-11-13 19:53:44'),
(10, '35463070', '2015-11-19 18:23:42'),
(3, '37899231', '2015-11-19 18:24:41'),
(10, '39768575', '2015-11-13 18:10:36'),
(9, '41760330', '2015-11-13 16:09:49'),
(9, '46672442', '2015-11-13 15:51:55'),
(1, '494922', '2015-11-13 19:39:43'),
(3, '51609017', '2015-11-20 21:21:48'),
(9, '51627047', '2015-11-13 17:07:54'),
(10, '51645131', '2015-11-20 21:29:07'),
(9, '52083064', '2015-11-19 18:25:22'),
(2, '52452069', '2015-11-13 18:40:23'),
(7, '52813930', '2015-11-13 20:52:05'),
(7, '52913505', '2015-11-13 18:56:40'),
(7, '52952231', '2015-11-13 15:52:44'),
(9, '52952601', '2015-11-13 16:32:00'),
(10, '52955094', '2015-11-13 18:59:25'),
(2, '52963452', '2015-11-13 15:42:11'),
(9, '53049364', '2015-11-13 16:16:55'),
(2, '53069566', '2015-11-19 18:27:01'),
(10, '53072343', '2015-11-19 21:08:39'),
(7, '5736042', '2015-11-13 20:35:48'),
(10, '60446606', '2015-11-13 15:48:30'),
(1, '7213025', '2015-11-13 20:14:09'),
(3, '79155445', '2015-11-19 20:28:05'),
(1, '79329694', '2015-11-13 20:15:31'),
(9, '79374844', '2015-11-13 20:30:13'),
(1, '79492287', '2015-11-19 21:17:37'),
(1, '79601356', '2015-11-13 20:13:44'),
(2, '79746865', '2015-11-13 19:00:49'),
(2, '79834899', '2015-11-13 19:09:56'),
(1, '80025940', '2015-11-19 20:40:24'),
(9, '80141025', '2015-11-13 17:08:35'),
(10, '80394028', '2015-11-19 17:34:30'),
(2, '80500995', '2015-11-19 21:50:11'),
(2, '80814245', '2015-11-19 21:49:48'),
(3, '80852914', '2015-11-19 16:37:31'),
(7, '85203833', '2015-11-13 20:29:19'),
(1, '91079426', '2015-11-13 20:16:42'),
(1, '91133661', '2015-11-19 17:33:57'),
(1, '91459269', '2015-11-13 20:26:19'),
(7, '91459294', '2015-11-19 19:53:43'),
(10, '93361162', '2015-11-13 19:59:35');

-- --------------------------------------------------------

--
-- Estructura para la vista `votaciones`
--
DROP TABLE IF EXISTS `votaciones`;

CREATE ALGORITHM=UNDEFINED DEFINER=`wspcolom`@`localhost` SQL SECURITY DEFINER VIEW `votaciones` AS select `candidatos`.`idCandidato` AS `idCandidato`,`candidatos`.`Nombre` AS `Nombre`,count(`votos`.`idCandidato`) AS `votos` from (`candidatos` left join `votos` on((`votos`.`idCandidato` = `candidatos`.`idCandidato`))) group by `candidatos`.`idCandidato`,`candidatos`.`Nombre` order by count(`votos`.`idCandidato`) desc;

--
-- Restricciones para tablas volcadas
--

--
-- Filtros para la tabla `sesion`
--
ALTER TABLE `sesion`
  ADD CONSTRAINT `sesion_cedula` FOREIGN KEY (`Cedula`) REFERENCES `usuarios` (`Cedula`) ON DELETE NO ACTION ON UPDATE NO ACTION;

--
-- Filtros para la tabla `votos`
--
ALTER TABLE `votos`
  ADD CONSTRAINT `fk_sesion_usuarios1` FOREIGN KEY (`Cedula`) REFERENCES `usuarios` (`Cedula`) ON DELETE NO ACTION ON UPDATE NO ACTION,
  ADD CONSTRAINT `fk_votos_Candidatos1` FOREIGN KEY (`idCandidato`) REFERENCES `candidatos` (`idCandidato`) ON DELETE NO ACTION ON UPDATE NO ACTION,
  ADD CONSTRAINT `fk_votos_usuarios1` FOREIGN KEY (`Cedula`) REFERENCES `usuarios` (`Cedula`) ON DELETE NO ACTION ON UPDATE NO ACTION;

/*!40101 SET CHARACTER_SET_CLIENT=@OLD_CHARACTER_SET_CLIENT */;
/*!40101 SET CHARACTER_SET_RESULTS=@OLD_CHARACTER_SET_RESULTS */;
/*!40101 SET COLLATION_CONNECTION=@OLD_COLLATION_CONNECTION */;
